Date,Confirmed,Deaths,Recovered,Active,New cases,New deaths,New recovered,Deaths / 100 Cases,Recovered / 100 Cases,Deaths / 100 Recovered,No. of countries
01-22-20,555,17,28,510,0,0,0,3.06,5.05,60.71,6
01-23-20,654,18,30,606,99,1,2,2.75,4.59,60,8
01-24-20,941,26,36,879,287,8,6,2.76,3.83,72.22,9
01-25-20,1434,42,39,1353,493,16,3,2.93,2.72,107.69,11
01-26-20,2118,56,52,2010,684,14,13,2.64,2.46,107.69,13
01-27-20,2927,82,61,2784,809,26,9,2.8,2.08,134.43,16
01-28-20,5578,131,107,5340,2651,49,46,2.35,1.92,122.43,16
01-29-20,6166,133,125,5908,588,2,18,2.16,2.03,106.4,18
01-30-20,8234,171,141,7922,2068,38,16,2.08,1.71,121.28,20
01-31-20,9927,213,219,9495,1693,42,78,2.15,2.21,97.26,24
02-01-20,12038,259,281,11498,2111,46,62,2.15,2.33,92.17,25
02-02-20,16787,362,459,15966,4749,103,178,2.16,2.73,78.87,25
02-03-20,19887,426,604,18857,3100,64,145,2.14,3.04,70.53,25
02-04-20,23898,492,821,22585,4011,66,217,2.06,3.44,59.93,26
02-05-20,27643,564,1071,26008,3745,72,250,2.04,3.87,52.66,26
02-06-20,30802,634,1418,28750,3159,70,347,2.06,4.6,44.71,26
02-07-20,34334,719,1903,31712,3532,85,485,2.09,5.54,37.78,26
02-08-20,37068,806,2470,33792,2734,87,567,2.17,6.66,32.63,26
02-09-20,40095,906,3057,36132,3027,100,587,2.26,7.62,29.64,26
02-10-20,42633,1013,3714,37906,2538,107,657,2.38,8.71,27.28,26
02-11-20,44675,1113,4417,39145,2042,100,703,2.49,9.89,25.2,26
02-12-20,46561,1118,4849,40594,1886,5,432,2.4,10.41,23.06,26
02-13-20,60206,1371,5930,52905,13645,253,1081,2.28,9.85,23.12,26
02-14-20,66690,1523,7613,57554,6484,152,1683,2.28,11.42,20.01,27
02-15-20,68765,1666,8902,58197,2075,143,1289,2.42,12.95,18.71,27
02-16-20,70879,1770,10319,58790,2114,104,1417,2.5,14.56,17.15,27
02-17-20,72815,1868,11951,58996,1936,98,1632,2.57,16.41,15.63,27
02-18-20,74609,2008,13693,58908,1794,140,1742,2.69,18.35,14.66,27
02-19-20,75030,2123,15394,57513,421,115,1701,2.83,20.52,13.79,28
02-20-20,75577,2246,17369,55962,547,123,1975,2.97,22.98,12.93,28
02-21-20,76206,2250,17966,55990,629,4,597,2.95,23.58,12.52,30
02-22-20,77967,2457,21849,53661,1761,207,3883,3.15,28.02,11.25,30
02-23-20,78290,2467,22304,53519,323,10,455,3.15,28.49,11.06,31
02-24-20,78854,2627,24047,52180,564,160,1743,3.33,30.5,10.92,36
02-25-20,79707,2707,26652,50348,853,80,2605,3.4,33.44,10.16,41
02-26-20,80670,2767,29077,48826,963,60,2425,3.43,36.04,9.52,47
02-27-20,82034,2810,31919,47305,1364,43,2842,3.43,38.91,8.8,51
02-28-20,83411,2867,35306,45238,1377,57,3387,3.44,42.33,8.12,57
02-29-20,85306,2936,38314,44056,1895,69,3008,3.44,44.91,7.66,61
03-01-20,87690,2990,41208,43492,2384,54,2894,3.41,46.99,7.26,66
03-02-20,89664,3079,44085,42500,1974,89,2877,3.43,49.17,6.98,73
03-03-20,92241,3154,46681,42406,2577,75,2596,3.42,50.61,6.76,76
03-04-20,94540,3249,49619,41672,2299,95,2938,3.44,52.48,6.55,80
03-05-20,97331,3342,52237,41752,2791,93,2618,3.43,53.67,6.4,84
03-06-20,101274,3454,54270,43550,3943,112,2033,3.41,53.59,6.36,93
03-07-20,105312,3553,56760,44999,4038,99,2490,3.37,53.9,6.26,94
03-08-20,109266,3797,59092,46377,3954,244,2332,3.48,54.08,6.43,99
03-09-20,113166,3981,60891,48294,3900,184,1799,3.52,53.81,6.54,102
03-10-20,118190,4260,62802,51128,5024,279,1911,3.6,53.14,6.78,105
03-11-20,125853,4604,65113,56136,7663,344,2311,3.66,51.74,7.07,111
03-12-20,131603,4909,66434,60260,5750,305,1321,3.73,50.48,7.39,113
03-13-20,146008,5406,68359,72243,14405,497,1925,3.7,46.82,7.91,120
03-14-20,157114,5823,70729,80562,11106,417,2370,3.71,45.02,8.23,133
03-15-20,168260,6464,74139,87657,11146,641,3410,3.84,44.06,8.72,137
03-16-20,182919,7144,76192,99583,14659,680,2053,3.91,41.65,9.38,143
03-17-20,198757,7948,78944,111865,15838,804,2752,4,39.72,10.07,146
03-18-20,218343,8845,81427,128071,19586,897,2483,4.05,37.29,10.86,150
03-19-20,246261,9951,83064,153246,27918,1106,1637,4.04,33.73,11.98,154
03-20-20,275869,11429,85509,178931,29608,1478,2445,4.14,31,13.37,161
03-21-20,308175,13134,89775,205266,32306,1705,4266,4.26,29.13,14.63,163
03-22-20,341585,14831,95990,230764,33410,1697,6215,4.34,28.1,15.45,168
03-23-20,383750,16748,96456,270546,42165,1917,466,4.36,25.14,17.36,169
03-24-20,424889,19016,105997,299876,41154,2268,9541,4.48,24.95,17.94,171
03-25-20,475706,21793,111445,342468,50817,2777,5448,4.58,23.43,19.55,174
03-26-20,538666,24800,119804,394062,62960,3007,8359,4.6,22.24,20.7,175
03-27-20,603066,28318,128508,446240,64400,3518,8704,4.7,21.31,22.04,176
03-28-20,670723,31997,136800,501926,67657,3679,8292,4.77,20.4,23.39,176
03-29-20,730300,35470,146261,548569,59577,3473,9461,4.86,20.03,24.25,176
03-30-20,794939,39634,161707,593598,64639,4164,15446,4.99,20.34,24.51,177
03-31-20,871355,44478,174074,652803,76416,4844,12367,5.1,19.98,25.55,179
04-01-20,947569,50029,189434,708106,76214,5551,15360,5.28,19.99,26.41,179
04-02-20,1028968,56334,206052,766582,81399,6305,16618,5.47,20.03,27.34,180
04-03-20,1112123,62319,221060,828744,83155,5985,15008,5.6,19.88,28.19,180
04-04-20,1192586,68160,241072,883354,80463,5841,20012,5.72,20.21,28.27,180
04-05-20,1264304,73181,254477,936646,71718,5021,13405,5.79,20.13,28.76,182
04-06-20,1336976,79013,270812,987151,72672,5832,16335,5.91,20.26,29.18,183
04-07-20,1413849,86915,293665,1033269,76873,7902,22853,6.15,20.77,29.6,183
04-08-20,1497624,93650,322017,1081957,83775,6735,28352,6.25,21.5,29.08,183
04-09-20,1584249,101279,346349,1136621,86625,7629,24332,6.39,21.86,29.24,183
04-10-20,1671907,108551,367477,1195879,87658,7272,21128,6.49,21.98,29.54,184
04-11-20,1748872,114620,392991,1241261,76965,6069,25514,6.55,22.47,29.17,184
04-12-20,1845653,120351,411864,1313438,96802,5731,18873,6.52,22.32,29.22,184
04-13-20,1915247,126098,438395,1350754,69594,5747,26531,6.58,22.89,28.76,184
04-14-20,1985174,132996,463014,1389164,69927,6898,24619,6.7,23.32,28.72,184
04-15-20,2066003,141308,498925,1425770,80829,8312,35911,6.84,24.15,28.32,184
04-16-20,2162715,148591,529015,1485109,96712,7283,30090,6.87,24.46,28.09,184
04-17-20,2250439,157481,554287,1538671,87724,8890,25272,7,24.63,28.41,184
04-18-20,2324396,163952,577789,1582655,73958,6471,23502,7.05,24.86,28.38,184
04-19-20,2404919,168522,608557,1627840,80523,4570,30768,7.01,25.3,27.69,184
04-20-20,2478258,173965,629862,1674431,73339,5443,21305,7.02,25.42,27.62,184
04-21-20,2553508,181122,664043,1708343,75250,7157,34181,7.09,26.01,27.28,184
04-22-20,2630314,187877,693207,1749230,78994,6755,29164,7.14,26.35,27.1,184
04-23-20,2719327,194727,721689,1802911,89013,6850,28482,7.16,26.54,26.98,184
04-24-20,2806267,201401,771329,1833537,96974,6674,49640,7.18,27.49,26.11,184
04-25-20,2891199,206979,798239,1885981,84932,5578,26910,7.16,27.61,25.93,184
04-26-20,2964146,210862,825969,1927315,72948,3883,27730,7.11,27.87,25.53,184
04-27-20,3032850,215511,852382,1964957,68704,4649,26413,7.11,28.1,25.28,184
04-28-20,3108149,221974,884680,2001495,75404,6463,32298,7.14,28.46,25.09,184
04-29-20,3185195,228742,925752,2030701,79558,6768,41072,7.18,29.06,24.71,184
04-30-20,3268876,234704,989616,2044556,83681,5962,63864,7.18,30.27,23.72,186
05-01-20,3355922,239881,1026501,2089540,87046,5177,36885,7.15,30.59,23.37,186
05-02-20,3437608,245206,1066362,2126040,81853,5325,39861,7.13,31.02,22.99,186
05-03-20,3515244,248659,1097577,2169008,77636,3453,31215,7.07,31.22,22.66,186
05-04-20,3591321,252787,1130526,2208008,76078,4128,32949,7.04,31.48,22.36,186
05-05-20,3671310,258658,1166155,2246497,79989,5871,35629,7.05,31.76,22.18,186
05-06-20,3761332,265327,1210894,2285111,90022,6669,44739,7.05,32.19,21.91,186
05-07-20,3850418,270736,1249311,2330371,90669,5409,38417,7.03,32.45,21.67,186
05-08-20,3941935,276304,1284849,2380782,92997,5568,35538,7.01,32.59,21.5,186
05-09-20,4027781,280569,1337367,2409845,85846,4265,52518,6.97,33.2,20.98,186
05-10-20,4104027,284135,1370108,2449784,76255,3566,32741,6.92,33.38,20.74,186
05-11-20,4180268,287608,1416204,2476456,76298,3473,46096,6.88,33.88,20.31,186
05-12-20,4263867,293155,1452191,2518521,83619,5547,35987,6.88,34.06,20.19,186
05-13-20,4348619,298383,1506905,2543331,84917,5228,54714,6.86,34.65,19.8,187
05-14-20,4445724,303651,1545712,2596361,97106,5268,38807,6.83,34.77,19.64,187
05-15-20,4542073,308866,1592880,2640327,96349,5215,47168,6.8,35.07,19.39,187
05-16-20,4637485,313037,1648546,2675902,95412,4171,55666,6.75,35.55,18.99,187
05-17-20,4715994,316366,1688699,2710929,78509,3329,40153,6.71,35.81,18.73,187
05-18-20,4804278,319657,1740909,2743712,88284,3291,52210,6.65,36.24,18.36,187
05-19-20,4900702,324441,1792256,2784005,96633,4784,51347,6.62,36.57,18.1,187
05-20-20,5003730,329326,1850441,2823963,103028,4885,58185,6.58,36.98,17.8,187
05-21-20,5110064,334112,1900768,2875184,106438,4786,50327,6.54,37.2,17.58,187
05-22-20,5216964,339396,2008541,2869027,106900,5284,107773,6.51,38.5,16.9,187
05-23-20,5322253,343385,2062802,2916066,105289,3989,54261,6.45,38.76,16.65,187
05-24-20,5417579,346525,2117555,2953499,95326,3140,54753,6.4,39.09,16.36,187
05-25-20,5504542,347703,2180605,2976234,87335,1178,63050,6.32,39.61,15.95,187
05-26-20,5597064,351906,2235118,3010040,92742,4203,54513,6.29,39.93,15.74,187
05-27-20,5699664,357119,2297613,3044932,102600,5213,62495,6.27,40.31,15.54,187
05-28-20,5818978,361820,2363746,3093412,119314,4701,66133,6.22,40.62,15.31,187
05-29-20,5940145,366562,2440127,3133456,121167,4742,76381,6.17,41.08,15.02,187
05-30-20,6077978,370718,2509981,3197279,137833,4156,69854,6.1,41.3,14.77,187
05-31-20,6185530,373606,2585589,3226335,107552,2888,75608,6.04,41.8,14.45,187
06-01-20,6280725,376674,2639599,3264452,95195,3068,54010,6,42.03,14.27,187
06-02-20,6401536,381497,2743083,3276956,121577,4823,103484,5.96,42.85,13.91,187
06-03-20,6520924,387069,2821430,3312425,119389,5572,78347,5.94,43.27,13.72,187
06-04-20,6647861,392218,2890776,3364867,126937,5149,69346,5.9,43.48,13.57,187
06-05-20,6778724,396994,2959037,3422693,130863,4776,68261,5.86,43.65,13.42,187
06-06-20,6914666,400875,3030214,3483577,135942,3881,71177,5.8,43.82,13.23,187
06-07-20,7026925,403617,3084718,3538590,112259,2742,54504,5.74,43.9,13.08,187
06-08-20,7129150,407314,3235640,3486196,102225,3697,150922,5.71,45.39,12.59,187
06-09-20,7253492,412236,3317121,3524135,124342,4922,81481,5.68,45.73,12.43,187
06-10-20,7387517,417441,3395154,3574922,134025,5205,78033,5.65,45.96,12.3,187
06-11-20,7525631,422215,3480121,3623295,138114,4774,84967,5.61,46.24,12.13,187
06-12-20,7654725,426512,3558933,3669280,129094,4297,78812,5.57,46.49,11.98,187
06-13-20,7790735,430750,3644048,3715937,136010,4238,85115,5.53,46.77,11.82,187
06-14-20,7924156,434124,3714006,3776026,133421,3374,69958,5.48,46.87,11.69,187
06-15-20,8043794,437549,3793406,3812839,119638,3425,79400,5.44,47.16,11.53,187
06-16-20,8185197,444416,3890800,3849981,141403,6867,97394,5.43,47.53,11.42,187
06-17-20,8327050,449671,4008201,3869178,141853,5255,117401,5.4,48.13,11.22,187
06-18-20,8466978,454700,4088826,3923452,139928,5029,80625,5.37,48.29,11.12,187
06-19-20,8647784,460973,4183298,4003513,180954,6273,94472,5.33,48.37,11.02,187
06-20-20,8805336,465222,4298603,4041511,157552,4249,115305,5.28,48.82,10.82,187
06-21-20,8933875,469185,4366875,4097815,128539,3963,68272,5.25,48.88,10.74,187
06-22-20,9071733,472756,4458093,4140884,137858,3571,91218,5.21,49.14,10.6,187
06-23-20,9237071,478067,4561696,4197308,165338,5311,103603,5.18,49.38,10.48,187
06-24-20,9408254,483328,4677005,4247921,171183,5261,115309,5.14,49.71,10.33,187
06-25-20,9586141,489955,4769458,4326728,177887,6627,92453,5.11,49.75,10.27,187
06-26-20,9777487,494782,4875774,4406931,191346,4827,106316,5.06,49.87,10.15,187
06-27-20,9955597,499268,4981808,4474521,178110,4486,106034,5.01,50.04,10.02,187
06-28-20,10117227,502357,5070592,4544278,162349,3089,88784,4.97,50.12,9.91,187
06-29-20,10275799,506078,5164494,4605227,158572,3721,93902,4.92,50.26,9.8,187
06-30-20,10449697,511210,5281459,4657028,173898,5132,116965,4.89,50.54,9.68,187
07-01-20,10667386,516221,5397083,4754082,217689,5011,115624,4.84,50.59,9.56,187
07-02-20,10875091,521341,5681477,4672273,207705,5120,284394,4.79,52.24,9.18,187
07-03-20,11078585,526336,5790942,4761307,203495,4995,109465,4.75,52.27,9.09,187
07-04-20,11272152,530705,5986375,4755072,193567,4369,195433,4.71,53.11,8.87,187
07-05-20,11454847,534150,6105546,4815151,182695,3445,119171,4.66,53.3,8.75,187
07-06-20,11622190,537947,6228768,4855475,167343,3797,123222,4.63,53.59,8.64,187
07-07-20,11833034,544054,6373513,4915467,210844,6107,144745,4.6,53.86,8.54,187
07-08-20,12044836,549373,6531016,4964447,211802,5319,157503,4.56,54.22,8.41,187
07-09-20,12273063,554831,6665237,5052995,228227,5458,134221,4.52,54.31,8.32,187
07-10-20,12505640,560142,6804254,5141244,232577,5311,139017,4.48,54.41,8.23,187
07-11-20,12721968,565039,6929711,5227218,216328,4897,125457,4.44,54.47,8.15,187
07-12-20,12914636,568993,7041174,5304469,192668,3954,111463,4.41,54.52,8.08,187
07-13-20,13107415,572808,7181139,5353468,192779,3815,139965,4.37,54.79,7.98,187
07-14-20,13328867,578468,7322897,5427502,221452,5660,141758,4.34,54.94,7.9,187
07-15-20,13559984,583961,7482320,5493703,231122,5493,159423,4.31,55.18,7.8,187
07-16-20,13812525,589760,7634241,5588524,252544,5799,151921,4.27,55.27,7.73,187
07-17-20,14054563,596503,7793760,5664300,242038,6743,159519,4.24,55.45,7.65,187
07-18-20,14292198,602130,7944550,5745518,237635,5627,150790,4.21,55.59,7.58,187
07-19-20,14506845,606159,8032235,5868451,214647,4029,87685,4.18,55.37,7.55,187
07-20-20,14713623,610319,8190777,5912527,206778,4160,158542,4.15,55.67,7.45,187
07-21-20,14947078,616557,8364986,5965535,233565,6238,174209,4.12,55.96,7.37,187
07-22-20,15227725,623540,8541255,6062930,280647,6983,176269,4.09,56.09,7.3,187
07-23-20,15510481,633506,8710969,6166006,282756,9966,169714,4.08,56.16,7.27,187
07-24-20,15791645,639650,8939705,6212290,281164,6144,228736,4.05,56.61,7.16,187
07-25-20,16047190,644517,9158743,6243930,255545,4867,219038,4.02,57.07,7.04,187
07-26-20,16251796,648621,9293464,6309711,204606,4104,134721,3.99,57.18,6.98,187
07-27-20,16480485,654036,9468087,6358362,228693,5415,174623,3.97,57.45,6.91,187
